Experiment,Treatment,DOL,Lifestage,Tray,Weight_mg
R1,Large,12DOL,larva,4,280.6
R3,Large,12DOL,larva,13,276
R1,Large,12DOL,larva,6,273.5
R1,Large,12DOL,larva,5,271.2
R1,Large,12DOL,larva,6,266.3
R3,Large,12DOL,larva,13,263.4
R3,Large,12DOL,larva,13,263.3
R1,Large,12DOL,larva,4,262.1
R1,Large,12DOL,larva,5,261.7
R3,Large,12DOL,larva,13,259.5
R3,Large,12DOL,larva,13,256.3
R1,Large,12DOL,larva,6,256.1
R1,Large,12DOL,larva,6,252.6
R1,Large,12DOL,larva,4,250.7
R3,Large,12DOL,larva,13,249.3
R3,Large,12DOL,larva,13,247.6
R1,Large,12DOL,larva,6,247.3
R2,Large,12DOL,larva,8,246.71
R3,Large,12DOL,larva,13,244.8
R1,Large,12DOL,larva,5,243.9
R3,Large,12DOL,larva,13,242.5
R1,Large,12DOL,larva,6,241.6
R1,Large,12DOL,larva,6,241.5
R3,Large,12DOL,larva,13,241.5
R1,Large,12DOL,larva,6,241.2
R3,Large,12DOL,larva,13,239.4
R1,Large,12DOL,larva,4,239
R3,Large,12DOL,larva,13,238
R3,Large,12DOL,larva,13,236.2
R1,Large,12DOL,larva,4,236
R2,Large,12DOL,larva,8,233.24
R1,Large,12DOL,larva,5,232.9
R3,Large,12DOL,larva,13,232.9
R3,Large,12DOL,larva,13,232.3
R1,Large,12DOL,larva,4,231.8
R1,Large,12DOL,larva,6,231.8
R1,Large,12DOL,larva,6,231.6
R3,Large,12DOL,larva,13,231.6
R3,Large,12DOL,larva,13,231.6
R1,Large,12DOL,larva,6,231.2
R3,Large,12DOL,larva,13,231
R1,Large,12DOL,larva,6,229.8
R2,Large,12DOL,larva,8,229.52
R3,Large,12DOL,larva,13,229
R3,Large,12DOL,larva,13,228.3
R3,Large,12DOL,larva,13,228.3
R1,Large,12DOL,larva,5,228.2
R3,Large,12DOL,larva,13,228.2
R3,Large,12DOL,larva,13,227.7
R3,Large,12DOL,larva,13,227.6
R2,Large,12DOL,larva,8,226.92
R2,Large,12DOL,larva,8,226.79
R1,Large,12DOL,larva,6,226.3
R2,Large,12DOL,larva,8,226.3
R1,Large,12DOL,larva,4,226.1
R2,Large,12DOL,larva,8,225.92
R3,Large,12DOL,larva,13,225.9
R3,Large,12DOL,larva,13,225.7
R3,Large,12DOL,larva,13,225.2
R1,Large,12DOL,larva,5,224.5
R3,Large,12DOL,larva,13,223.7
R2,Large,12DOL,larva,8,223.56
R1,Large,12DOL,larva,4,223.1
R2,Large,12DOL,larva,8,222.4
R3,Large,12DOL,larva,13,222.3
R3,Control,12DOL,larva,10,221.9
R1,Large,12DOL,larva,4,221.7
R1,Large,12DOL,larva,4,221.5
R1,Large,12DOL,larva,6,221.4
R3,Large,12DOL,larva,13,221.1
R1,Large,12DOL,larva,4,221
R3,Control,12DOL,larva,11,221
R3,Large,12DOL,larva,13,221
R1,Control,12DOL,larva,2,219.8
R3,Control,12DOL,larva,11,219.7
R1,Large,12DOL,larva,6,219.6
R1,Large,12DOL,larva,5,218.5
R2,Large,12DOL,larva,8,218.14
R1,Control,12DOL,larva,1,217.8
R3,Control,12DOL,larva,11,217.5
R3,Large,12DOL,larva,13,216.9
R1,Large,12DOL,larva,4,216.5
R3,Large,12DOL,larva,13,216.4
R1,Large,12DOL,larva,4,215.3
R3,Control,12DOL,larva,11,215.3
R3,Large,12DOL,larva,13,214.2
R3,Large,12DOL,larva,13,214.1
R3,Large,12DOL,larva,13,213.8
R1,Control,12DOL,larva,1,213.5
R1,Large,12DOL,larva,5,212.6
R1,Large,12DOL,larva,5,212.2
R3,Large,12DOL,larva,13,212
R2,Large,12DOL,larva,8,211.33
R3,Large,12DOL,larva,13,211.3
R3,Control,12DOL,larva,10,210.6
R3,Large,12DOL,larva,13,209.9
R3,Large,12DOL,larva,13,209.8
R3,Large,12DOL,larva,13,209.7
R3,Large,12DOL,larva,13,209.6
R3,Control,12DOL,larva,12,209.6
R3,Large,12DOL,larva,13,209.4
R3,Large,12DOL,larva,13,208.9
R1,Large,12DOL,larva,4,208.4
R1,Large,12DOL,larva,5,208
R3,Large,12DOL,larva,13,208
R3,Control,12DOL,larva,11,207.1
R1,Control,12DOL,larva,3,206.7
R1,Large,12DOL,larva,6,206.2
R2,Large,12DOL,larva,8,205.81
R3,Control,12DOL,larva,12,205.4
R3,Large,12DOL,larva,13,204
R3,Large,12DOL,larva,13,204
R3,Large,12DOL,larva,13,203.6
R3,Large,12DOL,larva,13,203.6
R3,Control,12DOL,larva,9,203.5
R1,Large,12DOL,larva,5,203.4
R3,Large,12DOL,larva,13,203.4
R1,Control,12DOL,larva,1,203
R2,Large,12DOL,larva,8,203
R3,Large,12DOL,larva,13,202.8
R3,Large,12DOL,larva,13,202.2
R3,Large,12DOL,larva,13,201.9
R3,Control,12DOL,larva,9,201.2
R3,Large,12DOL,larva,13,201.1
R1,Large,12DOL,larva,4,200.6
R3,Control,12DOL,larva,9,200.3
R3,Control,12DOL,larva,10,200.3
R1,Large,12DOL,larva,5,200.2
R1,Control,12DOL,larva,1,200.1
R1,Control,12DOL,larva,1,200
R1,Large,12DOL,larva,5,200
R1,Control,12DOL,larva,3,199.4
R1,Control,12DOL,larva,1,199.2
R3,Large,12DOL,larva,13,199.2
R3,Large,12DOL,larva,13,199
R1,Large,12DOL,larva,4,198.9
R3,Control,12DOL,larva,10,198.6
R3,Large,12DOL,larva,13,198.5
R1,Control,12DOL,larva,1,198.4
R1,Large,12DOL,larva,6,198.2
R1,Control,12DOL,larva,1,197.6
R2,Large,12DOL,larva,8,197.3
R3,Large,12DOL,larva,13,197.2
R2,Large,12DOL,larva,8,196.84
R3,Large,12DOL,larva,13,196.6
R3,Large,12DOL,larva,13,196.2
R3,Large,12DOL,larva,13,196
R1,Control,12DOL,larva,1,195.5
R1,Control,12DOL,larva,1,195.1
R3,Large,12DOL,larva,13,195
R3,Large,12DOL,larva,13,195
R1,Control,12DOL,larva,3,194.7
R3,Control,12DOL,larva,9,194.3
R3,Control,12DOL,larva,12,194.1
R3,Control,12DOL,larva,12,194.1
R1,Control,12DOL,larva,2,193.3
R2,Large,12DOL,larva,8,193.26
R1,Control,12DOL,larva,1,192.9
R3,Control,12DOL,larva,10,192.9
R3,Control,12DOL,larva,11,192.4
R1,Large,12DOL,larva,5,192.1
R1,Control,12DOL,larva,2,192
R3,Control,12DOL,larva,12,191.6
R3,Large,12DOL,larva,13,191.5
R3,Large,12DOL,larva,13,191.3
R2,Large,12DOL,larva,8,191.24
R2,Large,12DOL,larva,8,190.49
R1,Control,12DOL,larva,1,190.3
R3,Control,12DOL,larva,11,189.9
R3,Control,12DOL,larva,12,189.3
R1,Control,12DOL,larva,3,189.2
R3,Large,12DOL,larva,13,189.2
R1,Control,12DOL,larva,3,189.1
R3,Control,12DOL,larva,10,188.8
R3,Large,12DOL,larva,13,188.7
R2,Large,12DOL,larva,8,188.08
R3,Control,12DOL,larva,10,187.6
R1,Large,12DOL,larva,5,187.4
R2,Large,12DOL,larva,8,187.34
R3,Large,12DOL,larva,13,185.9
R1,Control,12DOL,larva,3,185.5
R1,Control,12DOL,larva,1,184.2
R1,Control,12DOL,larva,3,184.2
R3,Large,12DOL,larva,13,183.9
R2,Large,12DOL,larva,8,183.8
R1,Large,12DOL,larva,5,183
R3,Large,12DOL,larva,13,182.9
R1,Control,12DOL,larva,2,182.2
R3,Control,12DOL,larva,9,182
R1,Large,12DOL,larva,5,181.7
R1,Large,12DOL,larva,4,181.6
R1,Control,12DOL,larva,3,181.6
R1,Control,12DOL,larva,3,181.5
R3,Large,12DOL,larva,13,181.4
R3,Control,12DOL,larva,9,181.1
R3,Control,12DOL,larva,10,181.1
R1,Large,12DOL,larva,4,181
R1,Control,12DOL,larva,3,180.8
R1,Control,12DOL,larva,1,180.2
R1,Control,12DOL,larva,3,180.2
R2,Control,12DOL,larva,7,180.04
R3,Control,12DOL,larva,10,179.5
R1,Large,12DOL,larva,4,179.4
R3,Large,12DOL,larva,13,179.4
R3,Large,12DOL,larva,13,179.4
R3,Control,12DOL,larva,10,179.2
R1,Control,12DOL,larva,3,179.1
R1,Control,12DOL,larva,2,179
R3,Control,12DOL,larva,10,178.9
R3,Control,12DOL,larva,10,178.6
R2,Control,12DOL,larva,7,178.33
R3,Control,12DOL,larva,10,178
R1,Large,12DOL,larva,5,177.9
R1,Control,12DOL,larva,1,177.8
R1,Control,12DOL,larva,2,177.8
R3,Large,12DOL,larva,13,177.8
R1,Control,12DOL,larva,1,177.7
R3,Control,12DOL,larva,12,177.6
R1,Control,12DOL,larva,2,177.5
R3,Control,12DOL,larva,11,177.5
R3,Large,12DOL,larva,13,177.1
R3,Large,12DOL,larva,13,176.8
R2,Control,12DOL,larva,7,176.76
R3,Control,12DOL,larva,11,176.1
R2,Control,12DOL,larva,7,175.98
R3,Control,12DOL,larva,9,175.3
R1,Large,12DOL,larva,4,175.2
R1,Control,12DOL,larva,3,174.9
R3,Control,12DOL,larva,9,174.9
R2,Large,12DOL,larva,8,174.71
R1,Control,12DOL,larva,2,174.7
R3,Large,12DOL,larva,13,173.9
R3,Large,12DOL,larva,13,173.7
R2,Large,12DOL,larva,8,173.61
R3,Control,12DOL,larva,12,173.3
R3,Large,12DOL,larva,13,173.1
R3,Large,12DOL,larva,13,172.7
R1,Large,12DOL,larva,5,172.3
R3,Control,12DOL,larva,12,172.3
R1,Large,12DOL,larva,4,172.2
R3,Large,12DOL,larva,13,172.2
R2,Control,12DOL,larva,7,172.13
R1,Control,12DOL,larva,1,171.9
R1,Large,12DOL,larva,5,171
R3,Control,12DOL,larva,12,170.8
R1,Large,12DOL,larva,5,170.6
R3,Control,12DOL,larva,9,170.6
R1,Control,12DOL,larva,2,169.5
R1,Large,12DOL,larva,6,169.4
R1,Control,12DOL,larva,2,169.3
R3,Control,12DOL,larva,10,168.9
R1,Control,12DOL,larva,1,168.4
R1,Large,12DOL,larva,4,168.3
R3,Control,12DOL,larva,11,168.2
R2,Control,12DOL,larva,7,168.19
R1,Control,12DOL,larva,1,168
R3,Large,12DOL,larva,13,168
R3,Control,12DOL,larva,9,167.7
R2,Control,12DOL,larva,7,167.64
R2,Large,12DOL,larva,8,167.41
R1,Control,12DOL,larva,1,167.4
R3,Control,12DOL,larva,9,167.3
R3,Control,12DOL,larva,10,166.9
R2,Control,12DOL,larva,7,166.88
R1,Control,12DOL,larva,1,166.7
R2,Control,12DOL,larva,7,166.34
R2,Control,12DOL,larva,7,166.02
R3,Control,12DOL,larva,11,165.5
R2,Control,12DOL,larva,7,165.39
R1,Large,12DOL,larva,4,165.2
R1,Control,12DOL,larva,3,165.1
R2,Large,12DOL,larva,8,165.01
R3,Control,12DOL,larva,12,164.7
R2,Control,12DOL,larva,7,164.59
R3,Control,12DOL,larva,10,164.5
R3,Control,12DOL,larva,11,164
R3,Large,12DOL,larva,13,163.5
R3,Large,12DOL,larva,13,163.5
R2,Large,12DOL,larva,8,163.16
R1,Control,12DOL,larva,2,163
R3,Control,12DOL,larva,11,162.8
R1,Control,12DOL,larva,2,162.5
R1,Control,12DOL,larva,2,162.1
R3,Control,12DOL,larva,12,162.1
R3,Large,12DOL,larva,13,162
R3,Large,12DOL,larva,13,161.9
R2,Large,12DOL,larva,8,161.88
R3,Control,12DOL,larva,12,161.8
R3,Control,12DOL,larva,12,161.3
R3,Control,12DOL,larva,10,160.9
R3,Control,12DOL,larva,12,160.8
R2,Control,12DOL,larva,7,160.68
R1,Control,12DOL,larva,1,160.4
R3,Control,12DOL,larva,10,160.3
R1,Control,12DOL,larva,2,160
R1,Control,12DOL,larva,3,159.9
R1,Control,12DOL,larva,3,159.8
R2,Large,12DOL,larva,8,159.7
R1,Control,12DOL,larva,2,159.2
R3,Control,12DOL,larva,10,159
R1,Large,12DOL,larva,5,158.9
R3,Control,12DOL,larva,9,158.8
R1,Control,12DOL,larva,3,158.7
R1,Large,12DOL,larva,6,158.6
R1,Large,12DOL,larva,5,158.1
R3,Control,12DOL,larva,12,157.9
R3,Control,12DOL,larva,10,157.7
R1,Control,12DOL,larva,3,156.6
R2,Control,12DOL,larva,7,156.08
R3,Large,12DOL,larva,13,155.7
R3,Large,12DOL,larva,13,155.6
R3,Control,12DOL,larva,12,155.5
R3,Control,12DOL,larva,9,155.4
R3,Control,12DOL,larva,11,155.4
R2,Control,12DOL,larva,7,155.01
R3,Large,12DOL,larva,13,154.8
R3,Large,12DOL,larva,13,154.1
R3,Large,12DOL,larva,13,153.9
R2,Large,12DOL,larva,8,153.53
R1,Control,12DOL,larva,3,153.3
R2,Control,12DOL,larva,7,153.26
R1,Control,12DOL,larva,3,152.7
R3,Control,12DOL,larva,9,152.2
R3,Control,12DOL,larva,12,152.2
R2,Control,12DOL,larva,7,151.98
R1,Control,12DOL,larva,2,151.6
R2,Control,12DOL,larva,7,151.21
R2,Large,12DOL,larva,8,151.21
R1,Large,12DOL,larva,6,151.1
R2,Control,12DOL,larva,7,150.96
R2,Control,12DOL,larva,7,150.93
R1,Large,12DOL,larva,4,150.7
R1,Control,12DOL,larva,1,150
R1,Large,12DOL,larva,6,149.7
R1,Control,12DOL,larva,2,149.5
R1,Control,12DOL,larva,3,149
R3,Large,12DOL,larva,13,148.5
R2,Large,12DOL,larva,8,147.94
R3,Control,12DOL,larva,11,147.6
R3,Control,12DOL,larva,12,147.6
R1,Control,12DOL,larva,3,147.4
R2,Control,12DOL,larva,7,147.37
R2,Control,12DOL,larva,7,147.13
R2,Large,12DOL,larva,8,146.55
R3,Control,12DOL,larva,12,146.3
R2,Large,12DOL,larva,8,146.17
R2,Control,12DOL,larva,7,146.13
R2,Control,12DOL,larva,7,145.84
R2,Control,12DOL,larva,7,145.15
R1,Control,12DOL,larva,2,145
R3,Control,12DOL,larva,9,145
R3,Large,12DOL,larva,13,145
R2,Control,12DOL,larva,7,144.54
R2,Control,12DOL,larva,7,144.26
R3,Control,12DOL,larva,9,143.7
R3,Control,12DOL,larva,12,143.1
R1,Large,12DOL,larva,6,142.6
R1,Large,12DOL,larva,6,142.2
R3,Control,12DOL,larva,11,142.1
R2,Large,12DOL,larva,8,141.58
R1,Control,12DOL,larva,2,141.4
R2,Control,12DOL,larva,7,141.38
R3,Large,12DOL,larva,13,141.1
R3,Control,12DOL,larva,11,141
R3,Control,12DOL,larva,11,141
R1,Control,12DOL,larva,2,140.9
R3,Control,12DOL,larva,9,140.9
R1,Large,12DOL,larva,5,140.8
R3,Control,12DOL,larva,12,140.6
R2,Control,12DOL,larva,7,140.37
R3,Control,12DOL,larva,10,139.9
R3,Control,12DOL,larva,11,139.1
R2,Control,12DOL,larva,7,139.04
R1,Large,12DOL,larva,4,138.8
R2,Control,12DOL,larva,7,138.79
R3,Large,12DOL,larva,13,138.5
R2,Large,12DOL,larva,8,138.36
R3,Control,12DOL,larva,11,138.2
R3,Control,12DOL,larva,12,137.9
R2,Control,12DOL,larva,7,137.46
R2,Control,12DOL,larva,7,137.19
R2,Large,12DOL,larva,8,136.64
R2,Control,12DOL,larva,7,136.61
R3,Large,12DOL,larva,13,135.8
R2,Control,12DOL,larva,7,134.91
R2,Control,12DOL,larva,7,134.87
R3,Control,12DOL,larva,10,134.8
R1,Control,12DOL,larva,2,133.7
R1,Control,12DOL,larva,2,133.6
R2,Control,12DOL,larva,7,133.25
R3,Control,12DOL,larva,10,132.4
R1,Control,12DOL,larva,3,132
R2,Control,12DOL,larva,7,131.59
R3,Control,12DOL,larva,10,130.9
R3,Control,12DOL,larva,9,130.3
R3,Control,12DOL,larva,12,130.2
R3,Control,12DOL,larva,12,130
R3,Control,12DOL,larva,9,129.8
R2,Control,12DOL,larva,7,129.11
R3,Control,12DOL,larva,11,128.6
R3,Control,12DOL,larva,9,128.4
R2,Control,12DOL,larva,7,128.16
R2,Control,12DOL,larva,7,127.61
R2,Control,12DOL,larva,7,127.02
R2,Control,12DOL,larva,7,126.91
R1,Control,12DOL,larva,3,126.5
R3,Control,12DOL,larva,11,126.1
R2,Control,12DOL,larva,7,125.96
R2,Control,12DOL,larva,7,125.84
R2,Control,12DOL,larva,7,125.81
R2,Control,12DOL,larva,7,125.49
R2,Large,12DOL,larva,8,125.36
R1,Control,12DOL,larva,2,124.4
R2,Control,12DOL,larva,7,124.2
R3,Control,12DOL,larva,11,124.2
R2,Control,12DOL,larva,7,124.06
R2,Control,12DOL,larva,7,123.27
R2,Large,12DOL,larva,8,123.27
R1,Large,12DOL,larva,6,123.2
R2,Large,12DOL,larva,8,122.99
R2,Large,12DOL,larva,8,122.39
R2,Control,12DOL,larva,7,122.25
R2,Control,12DOL,larva,7,122.07
R2,Large,12DOL,larva,8,122.04
R3,Control,12DOL,larva,11,121.9
R2,Control,12DOL,larva,7,121.39
R2,Large,12DOL,larva,8,121.27
R2,Control,12DOL,larva,7,120.31
R1,Control,12DOL,larva,3,120.1
R2,Large,12DOL,larva,8,120.08
R3,Large,12DOL,larva,13,118.6
R2,Control,12DOL,larva,7,118.19
R2,Control,12DOL,larva,7,118.01
R1,Control,12DOL,larva,2,118
R2,Large,12DOL,larva,8,117.98
R2,Large,12DOL,larva,8,117.75
R2,Control,12DOL,larva,7,117.01
R2,Large,12DOL,larva,8,116.37
R2,Control,12DOL,larva,7,115.48
R3,Control,12DOL,larva,9,114.6
R2,Control,12DOL,larva,7,113.99
R2,Large,12DOL,larva,8,113.43
R3,Control,12DOL,larva,9,112.9
R3,Control,12DOL,larva,10,112.5
R2,Large,12DOL,larva,8,112.21
R3,Control,12DOL,larva,11,111.7
R1,Control,12DOL,larva,2,111.1
R2,Large,12DOL,larva,8,110.36
R2,Large,12DOL,larva,8,108.88
R2,Control,12DOL,larva,7,108.86
R2,Control,12DOL,larva,7,108.73
R1,Control,12DOL,larva,1,108.7
R2,Large,12DOL,larva,8,107.49
R2,Control,12DOL,larva,7,106.84
R2,Large,12DOL,larva,8,106.16
R1,Control,12DOL,larva,1,105.5
R2,Large,12DOL,larva,8,105.09
R3,Control,12DOL,larva,9,104.2
R2,Control,12DOL,larva,7,103.75
R2,Large,12DOL,larva,8,103.61
R2,Large,12DOL,larva,8,103.16
R3,Control,12DOL,larva,9,102.7
R2,Control,12DOL,larva,7,102.01
R2,Control,12DOL,larva,7,101.62
R2,Control,12DOL,larva,7,101.03
R2,Large,12DOL,larva,8,100.87
R2,Large,12DOL,larva,8,100.49
R3,Large,12DOL,larva,13,100.3
R2,Control,12DOL,larva,7,99.51
R2,Control,12DOL,larva,7,99.46
R2,Control,12DOL,larva,7,99.41
R2,Control,12DOL,larva,7,99.06
R2,Large,12DOL,larva,8,97.59
R2,Large,12DOL,larva,8,97.12
R2,Large,12DOL,larva,8,96.03
R1,Large,12DOL,larva,6,95.9
R3,Large,12DOL,larva,13,95.3
R2,Large,12DOL,larva,8,95.27
R2,Control,12DOL,larva,7,94.6
R2,Large,12DOL,larva,8,94.43
R2,Large,12DOL,larva,8,93.15
R3,Control,12DOL,larva,9,92.5
R2,Large,12DOL,larva,8,92.44
R2,Control,12DOL,larva,7,92.04
R2,Large,12DOL,larva,8,91.73
R2,Large,12DOL,larva,8,91.37
R2,Control,12DOL,larva,7,90.04
R2,Large,12DOL,larva,8,89.96
R2,Large,12DOL,larva,8,89.22
R2,Large,12DOL,larva,8,88.31
R2,Large,12DOL,larva,8,85.09
R1,Large,12DOL,larva,5,83.8
R2,Large,12DOL,larva,8,83.59
R2,Large,12DOL,larva,8,81.8
R2,Control,12DOL,larva,7,81.32
R2,Large,12DOL,larva,8,78.81
R2,Large,12DOL,larva,8,74.16
R2,Large,12DOL,larva,8,71.55
R2,Control,12DOL,larva,7,49.2
R3,Large,12DOL,larva,13,24.3
R1,Control,21DOL,prepupa,1,164.2
R1,Control,21DOL,prepupa,1,97.6
R1,Control,21DOL,prepupa,1,126.9
R1,Control,21DOL,prepupa,1,232.4
R1,Control,21DOL,prepupa,1,144.3
R1,Control,21DOL,prepupa,1,163.1
R1,Control,21DOL,prepupa,1,161.9
R1,Control,21DOL,prepupa,1,149.7
R1,Control,21DOL,prepupa,1,166.3
R1,Control,21DOL,prepupa,1,105.5
R1,Control,21DOL,prepupa,1,158
R1,Control,21DOL,prepupa,1,126.9
R1,Control,21DOL,prepupa,1,112.4
R1,Control,21DOL,prepupa,1,118.4
R1,Control,21DOL,prepupa,1,127.6
R1,Control,21DOL,prepupa,1,147.1
R1,Control,21DOL,prepupa,1,97.4
R1,Control,21DOL,prepupa,1,153.2
R1,Control,21DOL,prepupa,1,146.5
R1,Control,21DOL,prepupa,1,134.7
R1,Control,21DOL,prepupa,1,153.7
R1,Control,21DOL,prepupa,1,145.4
R1,Control,21DOL,prepupa,1,135.6
R1,Control,21DOL,prepupa,1,158.8
R1,Control,21DOL,prepupa,1,141.2
R1,Control,21DOL,prepupa,2,147.1
R1,Control,21DOL,prepupa,2,158.4
R1,Control,21DOL,prepupa,2,125.7
R1,Control,21DOL,prepupa,2,184.5
R1,Control,21DOL,prepupa,2,154.6
R1,Control,21DOL,prepupa,2,172.4
R1,Control,21DOL,prepupa,2,149.6
R1,Control,21DOL,prepupa,2,141.5
R1,Control,21DOL,prepupa,2,134.7
R1,Control,21DOL,prepupa,2,138.6
R1,Control,21DOL,prepupa,2,132.8
R1,Control,21DOL,prepupa,2,133.5
R1,Control,21DOL,prepupa,2,144.5
R1,Control,21DOL,prepupa,2,107.2
R1,Control,21DOL,prepupa,2,140.6
R1,Control,21DOL,prepupa,2,141.6
R1,Control,21DOL,prepupa,2,136.8
R1,Control,21DOL,prepupa,2,110.2
R1,Control,21DOL,prepupa,2,124.1
R1,Control,21DOL,prepupa,2,134.6
R1,Control,21DOL,prepupa,2,134.4
R1,Control,21DOL,prepupa,2,146.9
R1,Control,21DOL,prepupa,2,206.5
R1,Control,21DOL,prepupa,2,155
R1,Control,21DOL,prepupa,2,136.3
R1,Control,21DOL,prepupa,3,132.5
R1,Control,21DOL,prepupa,3,112.1
R1,Control,21DOL,prepupa,3,93.9
R1,Control,21DOL,prepupa,3,189.3
R1,Control,21DOL,prepupa,3,122.6
R1,Control,21DOL,prepupa,3,147.1
R1,Control,21DOL,prepupa,3,196.2
R1,Control,21DOL,prepupa,3,142
R1,Control,21DOL,prepupa,3,130.3
R1,Control,21DOL,prepupa,3,136
R1,Control,21DOL,prepupa,3,153.2
R1,Control,21DOL,prepupa,3,118.9
R1,Control,21DOL,prepupa,3,121.5
R1,Control,21DOL,prepupa,3,132.3
R1,Control,21DOL,prepupa,3,139.1
R1,Control,21DOL,prepupa,3,128.3
R1,Control,21DOL,prepupa,3,133.4
R1,Control,21DOL,prepupa,3,135.9
R1,Control,21DOL,prepupa,3,110.5
R1,Control,21DOL,prepupa,3,175.3
R1,Control,21DOL,prepupa,3,183.5
R1,Control,21DOL,prepupa,3,176.9
R1,Control,21DOL,prepupa,3,152.7
R1,Control,21DOL,prepupa,3,137.4
R1,Control,21DOL,prepupa,3,145.3
R1,Large,21DOL,prepupa,4,196.2
R1,Large,21DOL,prepupa,4,154.6
R1,Large,21DOL,prepupa,4,167.7
R1,Large,21DOL,prepupa,4,166.7
R1,Large,21DOL,prepupa,4,161
R1,Large,21DOL,prepupa,4,186.3
R1,Large,21DOL,prepupa,4,215.9
R1,Large,21DOL,prepupa,4,197.4
R1,Large,21DOL,prepupa,4,155.5
R1,Large,21DOL,prepupa,4,184.1
R1,Large,21DOL,prepupa,4,167
R1,Large,21DOL,prepupa,4,159.4
R1,Large,21DOL,prepupa,4,199.1
R1,Large,21DOL,prepupa,4,182.3
R1,Large,21DOL,prepupa,4,156.6
R1,Large,21DOL,prepupa,4,139
R1,Large,21DOL,prepupa,4,122.6
R1,Large,21DOL,prepupa,4,165.8
R1,Large,21DOL,prepupa,4,175.4
R1,Large,21DOL,prepupa,4,175.2
R1,Large,21DOL,prepupa,4,187.3
R1,Large,21DOL,prepupa,4,264.9
R1,Large,21DOL,prepupa,4,198
R1,Large,21DOL,prepupa,4,187.7
R1,Large,21DOL,prepupa,4,163
R1,Large,21DOL,prepupa,5,172.5
R1,Large,21DOL,prepupa,5,161.5
R1,Large,21DOL,prepupa,5,211.3
R1,Large,21DOL,prepupa,5,189.3
R1,Large,21DOL,prepupa,5,197.7
R1,Large,21DOL,prepupa,5,215.8
R1,Large,21DOL,prepupa,5,157.1
R1,Large,21DOL,prepupa,5,253.3
R1,Large,21DOL,prepupa,5,152.6
R1,Large,21DOL,prepupa,5,210.6
R1,Large,21DOL,prepupa,5,163.3
R1,Large,21DOL,prepupa,5,194.3
R1,Large,21DOL,prepupa,5,148.1
R1,Large,21DOL,prepupa,5,182.3
R1,Large,21DOL,prepupa,5,164
R1,Large,21DOL,prepupa,5,156
R1,Large,21DOL,prepupa,5,160.8
R1,Large,21DOL,prepupa,5,148.9
R1,Large,21DOL,prepupa,5,172.5
R1,Large,21DOL,prepupa,5,153
R1,Large,21DOL,prepupa,5,178.2
R1,Large,21DOL,prepupa,5,182.1
R1,Large,21DOL,prepupa,5,108.8
R1,Large,21DOL,prepupa,5,132.6
R1,Large,21DOL,prepupa,5,153.8
R1,Large,21DOL,prepupa,6,197.8
R1,Large,21DOL,prepupa,6,198.6
R1,Large,21DOL,prepupa,6,163.7
R1,Large,21DOL,prepupa,6,216.2
R1,Large,21DOL,prepupa,6,145.7
R1,Large,21DOL,prepupa,6,175.8
R1,Large,21DOL,prepupa,6,158.8
R1,Large,21DOL,prepupa,6,225.1
R1,Large,21DOL,prepupa,6,182.2
R1,Large,21DOL,prepupa,6,207.5
R1,Large,21DOL,prepupa,6,151.7
R1,Large,21DOL,prepupa,6,310.4
R1,Large,21DOL,prepupa,6,203.7
R1,Large,21DOL,prepupa,6,173
R1,Large,21DOL,prepupa,6,171.6
R1,Large,21DOL,prepupa,6,154.6
R1,Large,21DOL,prepupa,6,131.8
R1,Large,21DOL,prepupa,6,174.1
R1,Large,21DOL,prepupa,6,201.1
R1,Large,21DOL,prepupa,6,143.5
R1,Large,21DOL,prepupa,6,161.3
R1,Large,21DOL,prepupa,6,197.5
R1,Large,21DOL,prepupa,6,178.9
R1,Large,21DOL,prepupa,6,165.4
R1,Large,21DOL,prepupa,6,193.1
R2,Control,21DOL,prepupa,7,108.61
R2,Control,21DOL,prepupa,7,116.84
R2,Control,21DOL,prepupa,7,96.29
R2,Control,21DOL,prepupa,7,97.97
R2,Control,21DOL,prepupa,7,80.33
R2,Control,21DOL,prepupa,7,86.19
R2,Control,21DOL,prepupa,7,111.85
R2,Control,21DOL,prepupa,7,88.77
R2,Control,21DOL,prepupa,7,129.07
R2,Control,21DOL,prepupa,7,121.85
R2,Control,21DOL,prepupa,7,105.17
R2,Control,21DOL,prepupa,7,101.51
R2,Control,21DOL,prepupa,7,113.81
R2,Control,21DOL,prepupa,7,104.7
R2,Control,21DOL,prepupa,7,108.32
R2,Control,21DOL,prepupa,7,129.33
R2,Control,21DOL,prepupa,7,107.61
R2,Control,21DOL,prepupa,7,92.42
R2,Control,21DOL,prepupa,7,101.25
R2,Control,21DOL,prepupa,7,79.05
R2,Control,21DOL,prepupa,7,88.12
R2,Control,21DOL,prepupa,7,107.16
R2,Control,21DOL,prepupa,7,78.88
R2,Control,21DOL,prepupa,7,97.87
R2,Control,21DOL,prepupa,7,97.45
R2,Control,21DOL,prepupa,7,142.93
R2,Control,21DOL,prepupa,7,120.01
R2,Control,21DOL,prepupa,7,118.17
R2,Control,21DOL,prepupa,7,100.06
R2,Control,21DOL,prepupa,7,118.26
R2,Control,21DOL,prepupa,7,183.86
R2,Control,21DOL,prepupa,7,139.46
R2,Control,21DOL,prepupa,7,118.93
R2,Control,21DOL,prepupa,7,87.82
R2,Control,21DOL,prepupa,7,79.41
R2,Control,21DOL,prepupa,7,192.7
R2,Control,21DOL,prepupa,7,100.7
R2,Control,21DOL,prepupa,7,111.26
R2,Control,21DOL,prepupa,7,107
R2,Control,21DOL,prepupa,7,101.57
R2,Control,21DOL,prepupa,7,77.68
R2,Control,21DOL,prepupa,7,73.86
R2,Control,21DOL,prepupa,7,121.76
R2,Control,21DOL,prepupa,7,115.5
R2,Control,21DOL,prepupa,7,115.57
R2,Control,21DOL,prepupa,7,82.15
R2,Control,21DOL,prepupa,7,89.12
R2,Control,21DOL,prepupa,7,101.82
R2,Control,21DOL,prepupa,7,94.49
R2,Control,21DOL,prepupa,7,91.36
R2,Control,21DOL,prepupa,7,79.01
R2,Control,21DOL,prepupa,7,92.96
R2,Control,21DOL,prepupa,7,108.09
R2,Control,21DOL,prepupa,7,100.32
R2,Control,21DOL,prepupa,7,102.85
R2,Control,21DOL,prepupa,7,109.61
R2,Control,21DOL,prepupa,7,114.5
R2,Control,21DOL,prepupa,7,120.48
R2,Control,21DOL,prepupa,7,105.53
R2,Control,21DOL,prepupa,7,151.78
R2,Control,21DOL,prepupa,7,98.29
R2,Control,21DOL,prepupa,7,119.36
R2,Control,21DOL,prepupa,7,105.64
R2,Control,21DOL,prepupa,7,76.82
R2,Control,21DOL,prepupa,7,92.11
R2,Control,21DOL,prepupa,7,124.63
R2,Control,21DOL,prepupa,7,120.98
R2,Control,21DOL,prepupa,7,109.17
R2,Control,21DOL,prepupa,7,91.44
R2,Control,21DOL,prepupa,7,110.05
R2,Control,21DOL,prepupa,7,114.26
R2,Control,21DOL,prepupa,7,103.52
R2,Control,21DOL,prepupa,7,84.18
R2,Control,21DOL,prepupa,7,99.53
R2,Control,21DOL,prepupa,7,NA
R2,Large,21DOL,prepupa,7,91.53
R2,Large,21DOL,prepupa,7,138.22
R2,Large,21DOL,prepupa,7,166.26
R2,Large,21DOL,prepupa,7,152.05
R2,Large,21DOL,prepupa,7,132.65
R2,Large,21DOL,prepupa,7,148.87
R2,Large,21DOL,prepupa,7,157.1
R2,Large,21DOL,prepupa,7,155.46
R2,Large,21DOL,prepupa,7,152.88
R2,Large,21DOL,prepupa,7,105.99
R2,Large,21DOL,prepupa,7,160.91
R2,Large,21DOL,prepupa,7,182.41
R2,Large,21DOL,prepupa,7,162.61
R2,Large,21DOL,prepupa,7,128.31
R2,Large,21DOL,prepupa,7,112.05
R2,Large,21DOL,prepupa,7,142.78
R2,Large,21DOL,prepupa,7,136.48
R2,Large,21DOL,prepupa,7,137.17
R2,Large,21DOL,prepupa,7,122.16
R2,Large,21DOL,prepupa,7,100.82
R2,Large,21DOL,prepupa,7,175.43
R2,Large,21DOL,prepupa,7,177.73
R2,Large,21DOL,prepupa,7,159.89
R2,Large,21DOL,prepupa,7,131.83
R2,Large,21DOL,prepupa,7,142.98
R2,Large,21DOL,prepupa,8,130.43
R2,Large,21DOL,prepupa,8,117.85
R2,Large,21DOL,prepupa,8,149.59
R2,Large,21DOL,prepupa,8,149.54
R2,Large,21DOL,prepupa,8,97.57
R2,Large,21DOL,prepupa,8,140.02
R2,Large,21DOL,prepupa,8,177.54
R2,Large,21DOL,prepupa,8,117.39
R2,Large,21DOL,prepupa,8,123.93
R2,Large,21DOL,prepupa,8,87.46
R2,Large,21DOL,prepupa,8,156.09
R2,Large,21DOL,prepupa,8,117.21
R2,Large,21DOL,prepupa,8,115.58
R2,Large,21DOL,prepupa,8,119.51
R2,Large,21DOL,prepupa,8,98.76
R2,Large,21DOL,prepupa,8,160.32
R2,Large,21DOL,prepupa,8,155.57
R2,Large,21DOL,prepupa,8,87.09
R2,Large,21DOL,prepupa,8,108.03
R2,Large,21DOL,prepupa,8,94.9
R2,Large,21DOL,prepupa,8,92.81
R2,Large,21DOL,prepupa,8,151.72
R2,Large,21DOL,prepupa,8,149.23
R2,Large,21DOL,prepupa,8,109.19
R2,Large,21DOL,prepupa,8,114.07
R2,Large,21DOL,prepupa,8,133.02
R2,Large,21DOL,prepupa,8,94.48
R2,Large,21DOL,prepupa,8,91.11
R2,Large,21DOL,prepupa,8,119.87
R2,Large,21DOL,prepupa,8,121.99
R2,Large,21DOL,prepupa,8,150.64
R2,Large,21DOL,prepupa,8,125.02
R2,Large,21DOL,prepupa,8,145.21
R2,Large,21DOL,prepupa,8,148.03
R2,Large,21DOL,prepupa,8,125.78
R2,Large,21DOL,prepupa,8,112.41
R2,Large,21DOL,prepupa,8,169.29
R2,Large,21DOL,prepupa,8,137.31
R2,Large,21DOL,prepupa,8,122.3
R2,Large,21DOL,prepupa,8,138.72
R2,Large,21DOL,prepupa,8,118.97
R2,Large,21DOL,prepupa,8,132.12
R2,Large,21DOL,prepupa,8,111.32
R2,Large,21DOL,prepupa,8,117.85
R2,Large,21DOL,prepupa,8,95.85
R2,Large,21DOL,prepupa,8,82.31
R2,Large,21DOL,prepupa,8,111.69
R2,Large,21DOL,prepupa,8,95.3
R2,Large,21DOL,prepupa,8,94.44
R2,Large,21DOL,prepupa,8,83.46
R3,Control,21DOL,prepupa,9,125.4
R3,Control,21DOL,prepupa,9,133.1
R3,Control,21DOL,prepupa,9,104.7
R3,Control,21DOL,prepupa,9,133.9
R3,Control,21DOL,prepupa,9,114.2
R3,Control,21DOL,prepupa,9,147.3
R3,Control,21DOL,prepupa,9,87.1
R3,Control,21DOL,prepupa,9,115.3
R3,Control,21DOL,prepupa,9,139.2
R3,Control,21DOL,prepupa,9,112.7
R3,Control,21DOL,prepupa,9,133.6
R3,Control,21DOL,prepupa,9,215.3
R3,Control,21DOL,prepupa,9,136.3
R3,Control,21DOL,prepupa,9,114.7
R3,Control,21DOL,prepupa,9,101.4
R3,Control,21DOL,prepupa,9,116.3
R3,Control,21DOL,prepupa,9,127.7
R3,Control,21DOL,prepupa,9,127.3
R3,Control,21DOL,prepupa,9,125.8
R3,Control,21DOL,prepupa,9,100.6
R3,Control,21DOL,prepupa,9,121.1
R3,Control,21DOL,prepupa,9,91.3
R3,Control,21DOL,prepupa,9,94.7
R3,Control,21DOL,prepupa,9,63.3
R3,Control,21DOL,prepupa,9,105.8
R3,Control,21DOL,prepupa,10,113.2
R3,Control,21DOL,prepupa,10,118.1
R3,Control,21DOL,prepupa,10,95.3
R3,Control,21DOL,prepupa,10,109.8
R3,Control,21DOL,prepupa,10,106.8
R3,Control,21DOL,prepupa,10,104.2
R3,Control,21DOL,prepupa,10,155.7
R3,Control,21DOL,prepupa,10,101.9
R3,Control,21DOL,prepupa,10,127.2
R3,Control,21DOL,prepupa,10,125.9
R3,Control,21DOL,prepupa,10,130.8
R3,Control,21DOL,prepupa,10,114.9
R3,Control,21DOL,prepupa,10,119.1
R3,Control,21DOL,prepupa,10,123.3
R3,Control,21DOL,prepupa,10,129.8
R3,Control,21DOL,prepupa,10,121.8
R3,Control,21DOL,prepupa,10,96.7
R3,Control,21DOL,prepupa,10,117.9
R3,Control,21DOL,prepupa,10,93.2
R3,Control,21DOL,prepupa,10,122.7
R3,Control,21DOL,prepupa,10,96.1
R3,Control,21DOL,prepupa,10,118.3
R3,Control,21DOL,prepupa,10,110.3
R3,Control,21DOL,prepupa,10,102.6
R3,Control,21DOL,prepupa,10,113.2
R3,Control,21DOL,prepupa,11,93.7
R3,Control,21DOL,prepupa,11,94.1
R3,Control,21DOL,prepupa,11,109.8
R3,Control,21DOL,prepupa,11,122.6
R3,Control,21DOL,prepupa,11,124.8
R3,Control,21DOL,prepupa,11,128.4
R3,Control,21DOL,prepupa,11,129.3
R3,Control,21DOL,prepupa,11,151.6
R3,Control,21DOL,prepupa,11,143.2
R3,Control,21DOL,prepupa,11,117.2
R3,Control,21DOL,prepupa,11,114.8
R3,Control,21DOL,prepupa,11,137.7
R3,Control,21DOL,prepupa,11,128.4
R3,Control,21DOL,prepupa,11,123.8
R3,Control,21DOL,prepupa,11,116.9
R3,Control,21DOL,prepupa,11,121.8
R3,Control,21DOL,prepupa,11,107.8
R3,Control,21DOL,prepupa,11,118.2
R3,Control,21DOL,prepupa,11,114.2
R3,Control,21DOL,prepupa,11,112.4
R3,Control,21DOL,prepupa,11,111.7
R3,Control,21DOL,prepupa,11,141.2
R3,Control,21DOL,prepupa,11,107.2
R3,Control,21DOL,prepupa,11,105.6
R3,Control,21DOL,prepupa,11,80.7
R3,Control,21DOL,prepupa,12,140.1
R3,Control,21DOL,prepupa,12,109.7
R3,Control,21DOL,prepupa,12,125.3
R3,Control,21DOL,prepupa,12,139.4
R3,Control,21DOL,prepupa,12,157.3
R3,Control,21DOL,prepupa,12,95.3
R3,Control,21DOL,prepupa,12,115.8
R3,Control,21DOL,prepupa,12,135.7
R3,Control,21DOL,prepupa,12,149.9
R3,Control,21DOL,prepupa,12,138.4
R3,Control,21DOL,prepupa,12,150.3
R3,Control,21DOL,prepupa,12,147.7
R3,Control,21DOL,prepupa,12,136.3
R3,Control,21DOL,prepupa,12,138.1
R3,Control,21DOL,prepupa,12,130.1
R3,Control,21DOL,prepupa,12,126.9
R3,Control,21DOL,prepupa,12,122.4
R3,Control,21DOL,prepupa,12,138.8
R3,Control,21DOL,prepupa,12,150.1
R3,Control,21DOL,prepupa,12,128.3
R3,Control,21DOL,prepupa,12,121.9
R3,Control,21DOL,prepupa,12,137.7
R3,Control,21DOL,prepupa,12,142.5
R3,Control,21DOL,prepupa,12,144.7
R3,Control,21DOL,prepupa,12,119.4
R3,Large,21DOL,prepupa,13,178
R3,Large,21DOL,prepupa,13,156.5
R3,Large,21DOL,prepupa,13,133.3
R3,Large,21DOL,prepupa,13,128
R3,Large,21DOL,prepupa,13,201.3
R3,Large,21DOL,prepupa,13,169.1
R3,Large,21DOL,prepupa,13,153.5
R3,Large,21DOL,prepupa,13,111.5
R3,Large,21DOL,prepupa,13,152.6
R3,Large,21DOL,prepupa,13,153
R3,Large,21DOL,prepupa,13,121.3
R3,Large,21DOL,prepupa,13,158.2
R3,Large,21DOL,prepupa,13,141.3
R3,Large,21DOL,prepupa,13,160.7
R3,Large,21DOL,prepupa,13,162.2
R3,Large,21DOL,prepupa,13,142.5
R3,Large,21DOL,prepupa,13,147.2
R3,Large,21DOL,prepupa,13,142.6
R3,Large,21DOL,prepupa,13,130.6
R3,Large,21DOL,prepupa,13,144.2
R3,Large,21DOL,prepupa,13,191.2
R3,Large,21DOL,prepupa,13,160.3
R3,Large,21DOL,prepupa,13,137.7
R3,Large,21DOL,prepupa,13,160.3
R3,Large,21DOL,prepupa,13,161.8
R3,Large,21DOL,prepupa,13,136
R3,Large,21DOL,prepupa,13,152.5
R3,Large,21DOL,prepupa,13,129.5
R3,Large,21DOL,prepupa,13,161.7
R3,Large,21DOL,prepupa,13,149.7
R3,Large,21DOL,prepupa,13,117.4
R3,Large,21DOL,prepupa,13,133.5
R3,Large,21DOL,prepupa,13,140.2
R3,Large,21DOL,prepupa,13,176.7
R3,Large,21DOL,prepupa,13,131.6
R3,Large,21DOL,prepupa,13,135.1
R3,Large,21DOL,prepupa,13,156.8
R3,Large,21DOL,prepupa,13,175.2
R3,Large,21DOL,prepupa,13,159.1
R3,Large,21DOL,prepupa,13,155.7
R3,Large,21DOL,prepupa,13,133.7
R3,Large,21DOL,prepupa,13,109.6
R3,Large,21DOL,prepupa,13,138.1
R3,Large,21DOL,prepupa,13,154.5
R3,Large,21DOL,prepupa,13,153.7
R3,Large,21DOL,prepupa,13,116.4
R3,Large,21DOL,prepupa,13,166.2
R3,Large,21DOL,prepupa,13,151.8
R3,Large,21DOL,prepupa,13,128.8
R3,Large,21DOL,prepupa,13,173
R3,Large,21DOL,prepupa,13,130.4
R3,Large,21DOL,prepupa,13,113.4
R3,Large,21DOL,prepupa,13,144.3
R3,Large,21DOL,prepupa,13,164.9
R3,Large,21DOL,prepupa,13,170.2
R3,Large,21DOL,prepupa,13,182.4
R3,Large,21DOL,prepupa,13,151
R3,Large,21DOL,prepupa,13,204.8
R3,Large,21DOL,prepupa,13,148.9
R3,Large,21DOL,prepupa,13,129.3
R3,Large,21DOL,prepupa,13,127.2
R3,Large,21DOL,prepupa,13,131.1
R3,Large,21DOL,prepupa,13,136.8
R3,Large,21DOL,prepupa,13,154.6
R3,Large,21DOL,prepupa,13,132.9
R3,Large,21DOL,prepupa,13,160.5
R3,Large,21DOL,prepupa,13,114.7
R3,Large,21DOL,prepupa,13,112.5
R3,Large,21DOL,prepupa,13,159.7
R3,Large,21DOL,prepupa,13,121.6
R3,Large,21DOL,prepupa,13,157.6
R3,Large,21DOL,prepupa,13,118.4
R3,Large,21DOL,prepupa,13,106.1
R3,Large,21DOL,prepupa,13,119.4
R3,Large,21DOL,prepupa,13,188.1
R3,Large,21DOL,prepupa,13,128
R3,Large,21DOL,prepupa,13,163.3
R3,Large,21DOL,prepupa,13,159.9
R3,Large,21DOL,prepupa,13,162.2
R3,Large,21DOL,prepupa,13,143.9
R3,Large,21DOL,prepupa,13,133
R3,Large,21DOL,prepupa,13,126.9
R3,Large,21DOL,prepupa,13,120.5
R3,Large,21DOL,prepupa,13,158.1
R3,Large,21DOL,prepupa,13,148.2
R3,Large,21DOL,prepupa,13,158.2
R3,Large,21DOL,prepupa,13,161
R3,Large,21DOL,prepupa,13,172.9
R3,Large,21DOL,prepupa,13,163.7
R3,Large,21DOL,prepupa,13,125.3
R3,Large,21DOL,prepupa,13,157.5
R3,Large,21DOL,prepupa,13,154.9
R3,Large,21DOL,prepupa,13,142.9
R3,Large,21DOL,prepupa,13,161.7
R3,Large,21DOL,prepupa,13,121.8
R3,Large,21DOL,prepupa,13,139.9
R3,Large,21DOL,prepupa,13,145.4
R3,Large,21DOL,prepupa,13,143.2
R3,Large,21DOL,prepupa,13,147.2
R3,Large,21DOL,prepupa,13,143.2
R3,Control,18DOL,pupal,10,79.2
R3,Control,18DOL,pupal,9,97.7
R3,Control,18DOL,pupal,12,107.2
R3,Large,18DOL,pupal,13,142.7
R3,Control,18DOL,pupal,9,117.5
R3,Large,18DOL,pupal,13,109.7
R3,Control,18DOL,pupal,9,106.7
R3,Control,18DOL,pupal,9,108.4
R3,Control,18DOL,pupal,10,105
R3,Large,18DOL,pupal,13,99
R3,Control,18DOL,pupal,12,106.2
R3,Large,18DOL,pupal,13,118.8
R3,Control,18DOL,pupal,9,102.6
R3,Large,18DOL,pupal,13,113.2
R3,Large,18DOL,pupal,13,98.2
R3,Large,18DOL,pupal,13,106.9
R3,Control,18DOL,pupal,12,123.8
R3,Control,18DOL,pupal,9,100.8
R3,Control,18DOL,pupal,10,116.7
R3,Control,18DOL,pupal,10,104.3
R1,Large,18DOL,pupal,6,112.6
R3,Large,18DOL,pupal,13,107.6
R1,Large,18DOL,pupal,6,167.1
R3,Control,18DOL,pupal,10,109.8
R3,Large,18DOL,pupal,13,107.7
R3,Control,18DOL,pupal,10,85
R3,Control,18DOL,pupal,10,109.6
R3,Control,18DOL,pupal,10,113.9
R3,Large,18DOL,pupal,13,132.4
R1,Control,18DOL,pupal,1,92.4
R1,Large,18DOL,pupal,5,136
R1,Large,18DOL,pupal,5,98.8
R1,Large,18DOL,pupal,5,120.7
R1,Large,18DOL,pupal,5,138
R1,Control,18DOL,pupal,3,99.1
R1,Control,18DOL,pupal,3,88.6
R1,Large,18DOL,pupal,6,167.1
R1,Large,18DOL,pupal,6,114.4
R1,Control,18DOL,pupal,1,104
R1,Control,18DOL,pupal,1,100.9
R1,Control,18DOL,pupal,1,114.4
R1,Large,18DOL,pupal,4,124.6
R1,Large,18DOL,pupal,4,110.7
R1,Large,18DOL,pupal,4,130.7
R1,Control,18DOL,pupal,2,81.8
R1,Control,18DOL,pupal,2,98.7
R1,Control,18DOL,pupal,2,74.9
R1,Control,18DOL,pupal,2,95.8
R1,Control,18DOL,pupal,2,76.5
R1,Large,18DOL,pupal,5,120.6
R1,Large,18DOL,pupal,5,112.1
R1,Control,18DOL,pupal,3,95.3
R1,Control,18DOL,pupal,3,92.9
R1,Control,18DOL,pupal,3,81.4
R1,Control,18DOL,pupal,3,75.5
R1,Control,18DOL,pupal,3,88.5
R1,Control,18DOL,pupal,3,82.7
R1,Control,18DOL,pupal,3,87.1
R1,Large,18DOL,pupal,6,113.5
R1,Large,18DOL,pupal,6,105.9
R1,Control,18DOL,pupal,1,98.3
R1,Large,18DOL,pupal,4,147.3
R1,Control,18DOL,pupal,2,112.1
R1,Control,18DOL,pupal,3,92
R1,Control,18DOL,pupal,3,95.2
R1,Control,18DOL,pupal,3,86.2
R1,Control,18DOL,pupal,3,89.7
R1,Control,18DOL,pupal,3,82.4
R1,Control,18DOL,pupal,3,110.1
R1,Control,18DOL,pupal,3,84.4
R1,Large,18DOL,pupal,6,108.4
R1,Large,18DOL,pupal,6,120.5
R1,Large,18DOL,pupal,5,116.4
R1,Large,18DOL,pupal,6,189.4
R1,Large,18DOL,pupal,6,98.2
R1,Control,18DOL,pupal,1,94.2
R1,Control,18DOL,pupal,1,97.8
R1,Control,18DOL,pupal,1,99
R1,Control,18DOL,pupal,1,92.5
R1,Control,18DOL,pupal,1,85.6
R1,Control,18DOL,pupal,1,89.1
R1,Control,18DOL,pupal,1,86.6
R1,Control,18DOL,pupal,1,89.1
R1,Large,18DOL,pupal,4,143.5
R1,Large,18DOL,pupal,4,99
R1,Large,18DOL,pupal,4,100.4
R1,Large,18DOL,pupal,4,158.2
R1,Large,18DOL,pupal,4,120.3
R1,Large,18DOL,pupal,4,156.7
R1,Control,18DOL,pupal,2,74.9
R1,Control,18DOL,pupal,2,91.5
R1,Control,18DOL,pupal,2,105.8
R1,Control,18DOL,pupal,2,95.4
R1,Large,18DOL,pupal,5,133.1
R1,Large,18DOL,pupal,5,102.3
R1,Large,18DOL,pupal,5,149.1
R1,Control,18DOL,pupal,3,75.9
R1,Control,18DOL,pupal,3,91.4
R1,Control,18DOL,pupal,3,86
R1,Control,18DOL,pupal,3,97.1
R1,Control,18DOL,pupal,3,89.7
R1,Large,18DOL,pupal,6,120.7
R1,Large,18DOL,pupal,5,149.1
R1,Large,18DOL,pupal,5,115.2
R1,Large,18DOL,pupal,5,136.2
R1,Large,18DOL,pupal,6,164.4
R1,Large,18DOL,pupal,6,178.4
R1,Large,18DOL,pupal,6,113
R1,Large,18DOL,pupal,6,147.2
R1,Large,18DOL,pupal,6,141.2
R1,Large,18DOL,pupal,6,154.6
R1,Control,18DOL,pupal,1,111.6
R1,Control,18DOL,pupal,1,89.8
R1,Control,18DOL,pupal,1,92.2
R1,Control,18DOL,pupal,1,75.4
R1,Control,18DOL,pupal,1,97.2
R1,Control,18DOL,pupal,1,96
R1,Control,18DOL,pupal,3,86.5
R1,Large,18DOL,pupal,6,133.8
R1,Large,18DOL,pupal,6,121.1
R1,Large,18DOL,pupal,6,176
R2,Control,18DOL,pupal,7,89.51
R2,Control,18DOL,pupal,7,96.36
R2,Control,18DOL,pupal,7,69.53
R2,Control,18DOL,pupal,7,80.34
R2,Control,18DOL,pupal,7,80.59
R2,Control,18DOL,pupal,7,80.64
R2,Control,18DOL,pupal,7,113.56
R2,Control,18DOL,pupal,7,58.61
R2,Large,18DOL,pupal,8,108.21
R2,Large,18DOL,pupal,8,128.5
R2,Large,18DOL,pupal,8,109.13
R2,Large,18DOL,pupal,8,120.69
R2,Large,18DOL,pupal,8,109.26
R2,Large,18DOL,pupal,8,97.47
R2,Large,18DOL,pupal,8,106.89
R2,Large,18DOL,pupal,8,107.91
R2,Large,18DOL,pupal,8,130.69
R2,Large,18DOL,pupal,8,115.27
R2,Large,18DOL,pupal,8,109.82
R2,Large,18DOL,pupal,8,105.79
R3,Control,18DOL,pupal,9,97.8
R3,Control,18DOL,pupal,9,92.3
R3,Control,18DOL,pupal,9,83.7
R3,Control,18DOL,pupal,9,67.2
R3,Control,18DOL,pupal,9,83
R3,Control,18DOL,pupal,10,84.7
R3,Control,18DOL,pupal,10,89.2
R3,Control,18DOL,pupal,10,104.5
R3,Control,18DOL,pupal,10,101
R3,Control,18DOL,pupal,10,86.3
R3,Control,18DOL,pupal,10,112
R3,Control,18DOL,pupal,10,89.3
R3,Control,18DOL,pupal,10,98.8
R3,Control,18DOL,pupal,10,99.5
R3,Control,18DOL,pupal,10,105.5
R3,Control,18DOL,pupal,10,95.6
R3,Control,18DOL,pupal,10,84.3
R3,Control,18DOL,pupal,10,90.2
R3,Control,18DOL,pupal,10,96.5
R3,Control,18DOL,pupal,10,95.9
R3,Control,18DOL,pupal,10,106.7
R3,Control,18DOL,pupal,10,107.9
R3,Control,18DOL,pupal,10,94.4
R3,Control,18DOL,pupal,10,109
R3,Control,18DOL,pupal,10,99.4
R3,Control,18DOL,pupal,10,99.7
R3,Control,18DOL,pupal,10,89.8
R3,Control,18DOL,pupal,11,105
R3,Control,18DOL,pupal,11,91.5
R3,Control,18DOL,pupal,11,82.4
R3,Control,18DOL,pupal,11,75
R3,Control,18DOL,pupal,11,91.4
R3,Control,18DOL,pupal,11,76.5
R3,Control,18DOL,pupal,12,78.2
R3,Control,18DOL,pupal,12,102.7
R3,Control,18DOL,pupal,12,104.5
R3,Control,18DOL,pupal,12,100.5
R3,Control,18DOL,pupal,12,90.2
R3,Control,18DOL,pupal,12,113.9
R3,Large,18DOL,pupal,13,98.5
R3,Large,18DOL,pupal,13,96.4
R3,Large,18DOL,pupal,13,107
R3,Large,18DOL,pupal,13,100.7
R3,Large,18DOL,pupal,13,108.8
R3,Large,18DOL,pupal,13,112.7
R3,Large,18DOL,pupal,13,101.3
R3,Large,18DOL,pupal,13,121.4
R3,Large,18DOL,pupal,13,121
R3,Large,18DOL,pupal,13,107.7
R3,Large,18DOL,pupal,13,112.2
R3,Large,18DOL,pupal,13,108.4
R3,Large,18DOL,pupal,13,107.1
R3,Large,18DOL,pupal,13,101
R3,Large,18DOL,pupal,13,112
R3,Large,18DOL,pupal,13,100.6
R3,Large,18DOL,pupal,13,99.9
R3,Large,18DOL,pupal,13,99.4
R3,Large,18DOL,pupal,13,105.6
R3,Large,18DOL,pupal,13,111.4
R3,Large,18DOL,pupal,13,101.8
R3,Large,18DOL,pupal,13,101.4
R3,Large,18DOL,pupal,13,103.3
R3,Large,18DOL,pupal,13,109.8
R3,Large,18DOL,pupal,13,108.8
R3,Large,18DOL,pupal,13,113.5
R3,Large,18DOL,pupal,13,99.8
R3,Large,18DOL,pupal,13,106
R3,Large,18DOL,pupal,13,108.5
R3,Large,18DOL,pupal,13,111.3
R3,Large,18DOL,pupal,13,116.2
R3,Large,18DOL,pupal,13,108.5
R3,Large,18DOL,pupal,13,95.8
R3,Large,18DOL,pupal,13,98.5
R3,Large,18DOL,pupal,13,103.2
R3,Large,18DOL,pupal,13,100.3
R3,Large,18DOL,pupal,13,111.2
R3,Large,18DOL,pupal,13,111.7
R3,Large,18DOL,pupal,13,121.5
R3,Large,18DOL,pupal,13,100.5
R3,Large,18DOL,pupal,13,111
R3,Large,18DOL,pupal,13,90.9
R3,Large,18DOL,pupal,13,114
R3,Large,18DOL,pupal,13,114.6
R3,Large,18DOL,pupal,13,114.8
R3,Large,18DOL,pupal,13,106.8
R3,Large,18DOL,pupal,13,99.6
R3,Large,18DOL,pupal,13,104
R3,Large,18DOL,pupal,13,110
R3,Large,18DOL,pupal,13,99.6
R3,Large,18DOL,pupal,13,98.6
R3,Large,18DOL,pupal,13,134.3
R3,Large,18DOL,pupal,13,107.6
R3,Large,18DOL,pupal,13,102.6
R3,Large,18DOL,pupal,13,119.1
R3,Large,18DOL,pupal,13,148.9
R3,Large,18DOL,pupal,13,103.7
R3,Large,18DOL,pupal,13,95.7
R3,Large,18DOL,pupal,13,115.7
R3,Large,18DOL,pupal,13,115.1
R3,Large,18DOL,pupal,13,140.5
R3,Large,18DOL,pupal,13,122.8
R3,Large,18DOL,pupal,13,117.1
R3,Large,18DOL,pupal,13,104.1
R3,Large,18DOL,pupal,13,132
R3,Large,18DOL,pupal,13,97.3
R3,Large,18DOL,pupal,13,101.1
R3,Large,18DOL,pupal,13,107.8
R3,Large,18DOL,pupal,13,104.4
R3,Large,18DOL,pupal,13,102.5
R3,Large,18DOL,pupal,13,128.5
R3,Large,18DOL,pupal,13,97.3
R3,Large,18DOL,pupal,13,111.3
R3,Large,18DOL,pupal,13,134.3
R3,Large,18DOL,pupal,13,102.6
R3,Large,18DOL,pupal,13,122.1
R3,Large,18DOL,pupal,13,121.3
R3,Large,18DOL,pupal,13,106.2
R3,Large,18DOL,pupal,13,99.3
R3,Large,18DOL,pupal,13,100.1
R3,Large,18DOL,pupal,13,102.9
R3,Large,18DOL,pupal,13,114
R3,Large,18DOL,pupal,13,137.8
R3,Large,18DOL,pupal,13,116.4
R3,Large,18DOL,pupal,13,117.1
R3,Large,18DOL,pupal,13,100.9
R3,Large,18DOL,pupal,13,134.4
R3,Large,18DOL,pupal,13,115.1
R3,Large,18DOL,pupal,13,98.7
R3,Large,18DOL,pupal,13,107.3
